"Fecha","Último","Apertura","Máximo","Mínimo","Vol.","% var."
"12.03.2025","47,68","48,12","48,19","47,22","60,70M","0,15%"
"11.03.2025","47,61","47,95","48,08","47,28","72,97M","-0,85%"
"10.03.2025","48,02","48,29","48,60","47,46","78,22M","-2,24%"
"07.03.2025","49,12","49,20","49,33","48,25","87,35M","-0,53%"
"06.03.2025","49,38","49,62","49,96","49,06","55,48M","-1,65%"
"05.03.2025","50,21","49,94","50,45","49,56","75,56M","0,58%"
"04.03.2025","49,92","51,22","51,28","49,64","99,34M","-3,52%"
"03.03.2025","51,74","52,32","52,63","51,37","76,10M","-0,84%"
"28.02.2025","52,18","51,39","52,26","51,17","63,54M","2,05%"
"27.02.2025","51,13","51,03","51,80","50,99","44,38M","0,55%"
"26.02.2025","50,85","50,97","51,32","50,75","31,25M","-0,22%"
"25.02.2025","50,96","51,27","51,40","50,31","50,13M","-0,02%"
"24.02.2025","50,97","50,99","51,40","50,68","56,67M","0,43%"
"21.02.2025","50,75","51,41","51,50","50,65","51,79M","-1,25%"
"20.02.2025","51,39","52,11","52,15","51,03","47,08M","-1,53%"
"19.02.2025","52,19","52,04","52,25","51,90","31,75M","0,04%"
"18.02.2025","52,17","51,88","52,20","51,74","33,50M","0,71%"
"14.02.2025","51,80","51,77","52,02","51,75","29,57M","0,19%"
"13.02.2025","51,70","51,50","51,77","51,28","36,37M","0,66%"
"12.02.2025","51,36","51,28","51,38","50,92","45,47M","-0,35%"
"11.02.2025","51,54","51,33","51,64","51,02","45,16M","0,25%"
"10.02.2025","51,41","51,91","51,97","51,19","37,92M","-0,79%"
"07.02.2025","51,82","52,17","52,26","51,78","40,60M","-0,56%"
"06.02.2025","52,11","51,98","52,13","51,76","34,36M","0,83%"
"05.02.2025","51,68","51,36","51,69","51,13","34,76M","1,06%"
"04.02.2025","51,14","51,32","51,39","51,00","41,74M","-0,23%"
"03.02.2025","51,26","50,75","51,40","50,41","77,42M","-0,41%"
"31.01.2025","51,47","51,83","51,97","51,44","40,43M","-0,58%"
"30.01.2025","51,77","51,75","52,04","51,43","64,25M","0,96%"
"29.01.2025","51,28","51,18","51,74","51,17","43,61M","-0,08%"
"28.01.2025","51,32","51,35","51,55","51,11","39,89M","-0,18%"
"27.01.2025","51,41","50,76","51,44","50,62","61,71M","1,10%"
"24.01.2025","50,85","50,53","50,90","50,48","39,09M","0,30%"
"23.01.2025","50,70","50,49","50,79","50,48","32,05M","0,58%"
"22.01.2025","50,41","50,65","50,66","50,21","37,23M","-0,47%"
"21.01.2025","50,65","50,40","50,71","50,38","33,27M","0,84%"
"17.01.2025","50,23","49,91","50,32","49,73","43,69M","0,84%"
"16.01.2025","49,81","49,46","49,85","49,46","33,83M","0,67%"
"15.01.2025","49,48","49,28","49,61","49,01","61,18M","2,55%"
"14.01.2025","48,25","47,85","48,29","47,74","39,35M","1,24%"
"13.01.2025","47,66","47,08","47,68","47,03","36,00M","0,72%"
"10.01.2025","47,32","48,10","48,14","47,15","53,13M","-2,41%"
"08.01.2025","48,49","48,34","48,50","48,02","36,42M","0,33%"
"07.01.2025","48,33","48,65","48,76","48,12","57,68M","-0,23%"
"06.01.2025","48,44","48,80","49,02","48,35","54,29M","-0,31%"
"03.01.2025","48,59","48,49","48,62","48,08","25,20M","0,79%"
"02.01.2025","48,21","48,58","48,76","47,94","35,88M","-0,25%"
"31.12.2024","48,33","48,40","48,57","48,16","25,17M","0,10%"
"30.12.2024","48,28","48,25","48,50","47,86","34,82M","-0,96%"
"27.12.2024","48,75","48,85","49,17","48,49","33,85M","-0,73%"
"26.12.2024","49,11","48,77","49,13","48,74","20,81M","0,24%"
"24.12.2024","48,99","48,52","49,01","48,42","18,35M","1,18%"
"23.12.2024","48,42","48,06","48,46","47,87","43,03M","-0,19%"
"20.12.2024","48,51","47,70","48,88","47,60","56,07M","1,49%"
"19.12.2024","47,80","48,17","48,53","47,79","63,64M","0,36%"
"18.12.2024","47,63","49,19","49,30","47,59","72,40M","-2,99%"
"17.12.2024","49,10","49,26","49,27","48,93","46,10M","-0,71%"
"16.12.2024","49,45","49,57","49,63","49,35","35,24M","-0,18%"
"13.12.2024","49,54","49,78","49,79","49,43","39,16M","-0,08%"
"12.12.2024","49,58","49,93","49,97","49,58","23,11M","-0,44%"
"11.12.2024","49,80","49,90","49,92","49,58","35,04M","0,20%"
"10.12.2024","49,70","49,75","49,98","49,38","38,86M","-0,02%"
"09.12.2024","49,71","50,44","50,49","49,69","42,00M","-1,37%"
"06.12.2024","50,40","50,40","50,57","50,26","23,44M","-0,02%"
"05.12.2024","50,41","50,34","50,67","50,30","33,60M","0,30%"
"04.12.2024","50,26","50,40","50,44","50,08","41,02M","-0,38%"
"03.12.2024","50,45","51,13","51,13","50,45","46,92M","-0,75%"
"02.12.2024","50,83","51,42","51,49","50,70","55,48M","-0,99%"
"29.11.2024","51,34","51,44","51,57","51,25","15,18M","0,16%"
"27.11.2024","51,26","51,23","51,62","51,21","31,80M","0,20%"
"26.11.2024","51,16","51,08","51,26","50,76","28,42M","0,20%"
"25.11.2024","51,06","51,01","51,24","50,86","47,49M","0,65%"
"22.11.2024","50,73","50,14","50,78","50,13","42,05M","1,12%"
"21.11.2024","50,17","49,79","50,40","49,66","50,88M","1,27%"
"20.11.2024","49,54","49,89","49,92","49,29","33,93M","-0,30%"
"19.11.2024","49,69","49,62","49,88","49,42","27,01M","-0,66%"
"18.11.2024","50,02","49,91","50,11","49,70","27,15M","0,30%"
"15.11.2024","49,87","49,64","50,01","49,61","40,74M","0,46%"
"14.11.2024","49,64","49,88","49,99","49,54","38,25M","-0,26%"
"13.11.2024","49,77","49,84","50,13","49,69","31,88M","0,06%"
"12.11.2024","49,74","49,87","49,94","49,59","58,51M","-0,30%"
"11.11.2024","49,89","49,68","50,13","49,67","63,65M","1,42%"
"08.11.2024","49,19","49,10","49,47","48,85","60,38M","0,90%"
"07.11.2024","48,75","49,44","49,44","48,66","70,61M","-1,61%"
"06.11.2024","49,55","49,04","49,68","48,70","153,47M","6,08%"
"05.11.2024","46,71","46,32","46,73","46,23","35,22M","0,93%"
"04.11.2024","46,28","46,61","46,65","46,03","41,71M","-0,77%"
"01.11.2024","46,64","46,63","47,00","46,52","40,14M","0,34%"
"31.10.2024","46,48","47,07","47,21","46,48","53,42M","-1,38%"
"30.10.2024","47,13","46,98","47,43","46,94","28,70M","0,45%"
"29.10.2024","46,92","47,09","47,22","46,88","27,93M","-0,61%"
"28.10.2024","47,21","46,87","47,25","46,85","31,42M","1,24%"
"25.10.2024","46,63","47,34","47,42","46,52","25,53M","-1,10%"
"24.10.2024","47,15","47,12","47,21","46,86","19,62M","0,08%"
"23.10.2024","47,11","47,10","47,22","46,88","20,70M","-0,08%"
"22.10.2024","47,15","47,00","47,23","46,78","30,02M","-0,19%"
"21.10.2024","47,24","47,54","47,65","47,15","26,21M","-0,80%"
"18.10.2024","47,62","47,61","47,72","47,35","34,28M","0,02%"
"17.10.2024","47,61","47,68","47,81","47,58","45,82M","0,27%"
"16.10.2024","47,48","47,08","47,50","46,99","44,97M","1,24%"
"15.10.2024","46,90","47,12","47,39","46,84","42,36M","0,21%"
"14.10.2024","46,80","46,59","46,85","46,46","35,85M","0,62%"
"11.10.2024","46,51","45,92","46,60","45,89","52,85M","1,93%"
"10.10.2024","45,63","45,82","45,86","45,44","34,13M","-0,31%"
"09.10.2024","45,77","45,35","45,86","45,26","28,33M","0,93%"
"08.10.2024","45,35","45,26","45,46","45,18","28,76M","0,58%"
"07.10.2024","45,09","45,65","45,67","44,90","26,60M","-1,23%"
"04.10.2024","45,65","45,33","45,69","45,15","40,44M","1,69%"
"03.10.2024","44,89","44,96","45,05","44,67","23,55M","-0,53%"
"02.10.2024","45,13","45,06","45,23","44,83","37,71M","0,11%"
"01.10.2024","45,08","45,20","45,31","44,78","32,70M","-0,53%"
"30.09.2024","45,32","45,04","45,34","44,84","23,60M","0,38%"
"27.09.2024","45,15","45,12","45,44","45,05","23,23M","0,29%"
"26.09.2024","45,02","44,92","45,11","44,77","31,45M","0,51%"
"25.09.2024","44,79","45,08","45,14","44,65","32,55M","-0,60%"
"24.09.2024","45,06","45,30","45,30","44,90","40,34M","-0,84%"
"23.09.2024","45,44","45,49","45,67","45,36","31,62M","-0,48%"
"20.09.2024","45,66","45,59","45,66","45,33","48,70M","-0,07%"
"19.09.2024","45,69","45,65","45,81","45,34","46,46M","1,11%"
"18.09.2024","45,19","45,35","45,69","45,09","41,78M","-0,31%"
"17.09.2024","45,33","45,19","45,48","45,14","27,89M","0,53%"
"16.09.2024","45,09","44,70","45,10","44,70","37,06M","1,30%"
"13.09.2024","44,51","44,51","44,69","44,41","32,91M","0,29%"
"12.09.2024","44,38","44,36","44,52","44,00","37,74M","0,23%"
"11.09.2024","44,28","44,32","44,35","43,38","59,40M","-0,47%"
"10.09.2024","44,49","45,10","45,14","43,97","59,11M","-1,02%"
"09.09.2024","44,95","44,71","45,20","44,65","41,01M","1,49%"
"06.09.2024","44,29","44,95","45,20","44,19","51,33M","-1,47%"
"05.09.2024","44,95","45,64","45,66","44,74","39,52M","-1,10%"
"04.09.2024","45,45","45,48","45,77","45,22","32,01M","0,11%"
"03.09.2024","45,40","45,50","45,88","45,19","39,89M","-0,74%"
"30.08.2024","45,74","45,44","45,78","45,23","28,97M","0,95%"
"29.08.2024","45,31","45,06","45,46","44,75","33,73M","0,89%"
"28.08.2024","44,91","44,68","45,15","44,64","24,73M","0,25%"
"27.08.2024","44,80","44,66","44,82","44,58","21,58M","0,52%"
"26.08.2024","44,57","44,58","44,81","44,47","23,72M","0,32%"
"23.08.2024","44,43","44,18","44,54","44,09","32,76M","0,86%"
"22.08.2024","44,05","43,85","44,05","43,81","24,40M","0,57%"
"21.08.2024","43,80","43,94","43,99","43,57","19,91M","-0,16%"
"20.08.2024","43,87","43,96","43,99","43,78","19,62M","-0,32%"
"19.08.2024","44,01","43,78","44,02","43,78","24,46M","0,55%"
"16.08.2024","43,77","43,40","43,77","43,40","25,34M","0,74%"
"15.08.2024","43,45","43,46","43,69","43,31","33,33M","0,93%"
"14.08.2024","43,05","42,63","43,13","42,60","30,67M","1,22%"
"13.08.2024","42,53","42,43","42,56","42,12","24,92M","0,83%"
"12.08.2024","42,18","42,48","42,59","42,09","20,51M","-0,52%"
"09.08.2024","42,40","42,21","42,51","42,04","23,84M","0,43%"
"08.08.2024","42,22","41,82","42,27","41,76","41,26M","1,61%"
"07.08.2024","41,55","41,96","42,35","41,49","43,91M","0,12%"
"06.08.2024","41,50","41,02","41,99","40,91","57,67M","1,62%"
"05.08.2024","40,84","41,14","41,23","40,66","107,91M","-2,90%"
"02.08.2024","42,06","42,63","42,78","41,80","78,60M","-2,46%"
"01.08.2024","43,12","43,90","43,96","42,93","47,06M","-1,42%"
"31.07.2024","43,74","43,95","44,11","43,71","38,69M","-0,25%"
"30.07.2024","43,85","43,62","44,00","43,60","31,42M","1,15%"
"29.07.2024","43,35","43,51","43,53","43,13","35,20M","-0,14%"
"26.07.2024","43,41","42,97","43,54","42,95","32,64M","1,57%"
"25.07.2024","42,74","42,66","43,37","42,65","44,86M","0,38%"
"24.07.2024","42,58","43,04","43,13","42,58","47,79M","-1,37%"
"23.07.2024","43,17","43,20","43,39","43,10","23,80M","0,19%"
"22.07.2024","43,09","42,95","43,17","42,75","29,07M","0,56%"
"19.07.2024","42,85","43,27","43,36","42,80","47,22M","-1,02%"
"18.07.2024","43,29","43,67","44,10","43,19","58,73M","-1,21%"
"17.07.2024","43,82","43,44","43,90","43,37","54,77M","0,76%"
"16.07.2024","43,49","43,03","43,51","42,95","52,24M","1,14%"
"15.07.2024","43,00","42,53","43,04","42,50","46,56M","1,46%"
"12.07.2024","42,38","42,19","42,56","42,08","39,04M","0,33%"
"11.07.2024","42,24","41,95","42,31","41,81","45,84M","0,79%"
"10.07.2024","41,91","41,55","41,92","41,53","28,45M","0,38%"
"09.07.2024","41,75","41,47","42,02","41,42","33,14M","0,77%"
"08.07.2024","41,43","41,60","41,85","41,38","27,78M","-0,26%"
"05.07.2024","41,54","41,64","41,64","41,30","21,42M","-0,02%"
"03.07.2024","41,55","41,72","41,76","41,53","21,11M","-0,31%"
"02.07.2024","41,68","41,12","41,68","41,10","27,03M","1,17%"
"01.07.2024","41,20","41,28","41,55","41,03","36,13M","0,22%"
"28.06.2024","41,11","41,06","41,37","40,94","44,05M","0,34%"
"27.06.2024","40,97","40,90","41,02","40,72","25,47M","-0,12%"
"26.06.2024","41,02","41,09","41,11","40,82","37,98M","-0,63%"
"25.06.2024","41,28","41,51","41,64","41,16","32,85M","-0,75%"
"24.06.2024","41,59","41,34","41,85","41,24","45,25M","0,63%"
"21.06.2024","41,33","41,39","41,43","41,09","42,53M","-0,39%"
"20.06.2024","41,49","41,18","41,60","41,13","42,87M","0,53%"
"18.06.2024","41,27","40,96","41,27","40,92","38,90M","0,63%"
"17.06.2024","41,01","40,55","41,02","40,48","36,08M","0,89%"
"14.06.2024","40,65","40,50","40,73","40,37","29,08M","-0,32%"
"13.06.2024","40,78","40,81","40,82","40,50","39,50M","-0,07%"
"12.06.2024","40,81","41,27","41,32","40,75","46,40M","-0,10%"
"11.06.2024","40,85","41,12","41,14","40,65","54,58M","-1,14%"
"10.06.2024","41,32","41,30","41,37","41,05","31,62M","-0,39%"
"07.06.2024","41,48","41,30","41,71","41,22","42,27M","0,46%"
"06.06.2024","41,29","41,38","41,50","41,13","39,04M","-0,05%"
"05.06.2024","41,31","41,32","41,36","41,01","23,82M","0,29%"
"04.06.2024","41,19","41,16","41,50","41,00","27,59M","-0,46%"
"03.06.2024","41,38","41,63","41,67","41,01","37,86M","-0,62%"
"31.05.2024","41,64","41,12","41,68","41,00","38,66M","1,46%"
"30.05.2024","41,04","40,86","41,13","40,76","32,77M","0,54%"
"29.05.2024","40,82","40,82","40,95","40,69","40,62M","-0,80%"
"28.05.2024","41,15","41,52","41,52","41,00","31,00M","-1,11%"
"24.05.2024","41,61","41,44","41,62","41,44","23,48M","0,60%"
"23.05.2024","41,36","41,90","41,94","41,20","51,77M","-1,38%"
"22.05.2024","41,94","42,09","42,27","41,85","38,66M","-0,57%"
"21.05.2024","42,18","41,99","42,22","41,97","33,41M","0,64%"
"20.05.2024","41,91","42,40","42,46","41,89","35,72M","-1,37%"
"17.05.2024","42,49","42,25","42,49","42,20","29,81M","0,73%"
"16.05.2024","42,18","42,22","42,38","42,16","36,03M","0,00%"
"15.05.2024","42,18","41,97","42,22","41,96","36,14M","0,74%"
"14.05.2024","41,87","41,82","41,90","41,66","30,64M","0,50%"
"13.05.2024","41,66","41,95","42,02","41,66","29,57M","-0,41%"
"10.05.2024","41,83","41,82","41,91","41,77","34,31M","0,38%"
"09.05.2024","41,67","41,26","41,67","41,25","31,59M","0,75%"
"08.05.2024","41,36","41,17","41,43","41,06","28,39M","0,36%"
"07.05.2024","41,21","41,17","41,29","41,10","42,60M","0,34%"
"06.05.2024","41,07","40,86","41,07","40,77","42,34M","1,28%"
"03.05.2024","40,55","40,70","40,79","40,35","45,01M","0,22%"
"02.05.2024","40,46","40,64","40,69","40,17","37,09M","0,25%"
"01.05.2024","40,36","40,33","40,85","40,28","54,72M","0,00%"
"30.04.2024","40,36","40,67","40,76","40,36","34,48M","-0,98%"
"29.04.2024","40,76","40,81","40,99","40,61","36,60M","-0,15%"
"26.04.2024","40,82","40,81","41,04","40,72","35,80M","-0,15%"
"25.04.2024","40,88","40,92","41,03","40,53","50,37M","-0,58%"
"24.04.2024","41,12","41,02","41,17","40,91","33,96M","-0,02%"
"23.04.2024","41,13","41,06","41,23","40,95","36,49M","0,64%"
"22.04.2024","40,87","40,60","41,10","40,43","50,70M","1,21%"
"19.04.2024","40,38","40,05","40,46","39,97","55,51M","1,38%"
"18.04.2024","39,83","39,87","40,18","39,74","48,89M","0,35%"
"17.04.2024","39,69","39,77","39,94","39,53","41,56M","0,25%"
"16.04.2024","39,59","39,89","39,98","39,53","66,75M","-0,68%"
"15.04.2024","39,86","40,58","40,74","39,74","71,80M","-0,50%"
"12.04.2024","40,06","40,33","40,50","39,90","81,23M","-1,33%"
"11.04.2024","40,60","40,87","40,93","40,35","56,87M","-0,71%"
"10.04.2024","40,89","41,11","41,27","40,76","59,49M","-1,49%"
"09.04.2024","41,51","41,77","41,88","41,17","51,97M","-0,57%"
"08.04.2024","41,75","41,58","41,82","41,56","35,17M","0,43%"
"05.04.2024","41,57","41,34","41,67","41,20","47,54M","0,95%"
"04.04.2024","41,18","42,00","42,08","41,13","52,66M","-1,13%"
"03.04.2024","41,65","41,68","41,96","41,53","39,72M","-0,05%"
"02.04.2024","41,67","41,76","41,81","41,60","36,36M","-0,53%"
"01.04.2024","41,89","42,16","42,19","41,81","37,54M","-0,55%"
"28.03.2024","42,12","41,94","42,22","41,87","41,49M","0,55%"
"27.03.2024","41,89","41,60","41,90","41,49","36,67M","1,18%"
"26.03.2024","41,40","41,41","41,53","41,27","30,14M","0,34%"
"25.03.2024","41,26","41,39","41,46","41,26","31,78M","-0,39%"
"22.03.2024","41,42","41,95","42,03","41,39","32,03M","-1,15%"
"21.03.2024","41,90","41,66","42,00","41,61","49,21M","0,82%"
"20.03.2024","41,56","41,02","41,59","40,95","52,26M","1,19%"
"19.03.2024","41,07","40,90","41,09","40,88","36,75M","0,49%"
"18.03.2024","40,87","40,78","40,92","40,58","39,14M","0,20%"
"15.03.2024","40,79","40,60","40,98","40,52","67,57M","-0,10%"
"14.03.2024","40,83","41,17","41,25","40,61","65,56M","-0,80%"
"13.03.2024","41,16","40,94","41,17","40,91","43,47M","0,73%"
"12.03.2024","40,86","40,78","40,98","40,64","53,20M","0,42%"
"11.03.2024","40,69","40,47","40,73","40,40","36,23M","0,17%"
"08.03.2024","40,62","40,61","40,83","40,56","47,27M","0,17%"
"07.03.2024","40,55","40,76","40,83","40,40","35,51M","-0,15%"
"06.03.2024","40,61","40,46","40,73","40,28","58,46M","0,52%"
"05.03.2024","40,40","40,25","40,63","40,25","50,77M","0,02%"
"04.03.2024","40,39","40,22","40,50","40,21","53,41M","0,25%"
"01.03.2024","40,29","40,33","40,42","40,15","40,79M","-0,12%"
"29.02.2024","40,34","40,46","40,55","40,17","37,63M","-0,05%"
"28.02.2024","40,36","40,13","40,50","40,12","40,04M","0,37%"
"27.02.2024","40,21","40,14","40,22","39,94","42,60M","0,27%"
"26.02.2024","40,10","40,26","40,53","40,03","38,37M","-0,50%"
"23.02.2024","40,30","40,25","40,47","40,22","42,19M","0,50%"
"22.02.2024","40,10","39,86","40,24","39,79","55,19M","1,16%"
"21.02.2024","39,64","39,47","39,64","39,33","40,26M","0,30%"
"20.02.2024","39,52","39,35","39,66","39,31","39,95M","-0,28%"
"16.02.2024","39,63","39,73","39,81","39,55","37,90M","-0,35%"
"15.02.2024","39,77","39,22","39,85","39,21","58,11M","1,71%"
"14.02.2024","39,10","38,96","39,13","38,81","58,72M","0,96%"
"13.02.2024","38,73","38,96","39,06","38,42","62,95M","-1,35%"
"12.02.2024","39,26","39,08","39,43","38,99","39,95M","0,46%"
"09.02.2024","39,08","38,92","39,10","38,82","50,68M","0,28%"
"08.02.2024","38,97","38,94","39,08","38,72","47,33M","-0,38%"
"07.02.2024","39,12","39,04","39,17","38,77","39,02M","0,75%"
"06.02.2024","38,83","38,70","38,88","38,65","41,06M","0,21%"
"05.02.2024","38,75","38,76","38,88","38,58","37,35M","-0,59%"
"02.02.2024","38,98","38,69","39,16","38,67","61,78M","0,41%"
"01.02.2024","38,82","38,69","38,85","38,25","63,45M","0,15%"
"31.01.2024","38,76","39,16","39,45","38,74","65,78M","-1,22%"
"30.01.2024","39,24","38,79","39,28","38,77","43,23M","1,26%"
"29.01.2024","38,75","38,53","38,78","38,43","44,18M","0,26%"
"26.01.2024","38,65","38,45","38,72","38,41","38,62M","0,36%"
"25.01.2024","38,51","38,47","38,55","38,27","50,69M","0,50%"
"24.01.2024","38,32","38,33","38,53","38,29","43,98M","0,39%"
"23.01.2024","38,17","38,09","38,20","38,01","46,26M","0,16%"
"22.01.2024","38,11","38,09","38,30","38,02","51,83M","0,47%"
"19.01.2024","37,93","37,47","37,98","37,35","59,42M","1,61%"
"18.01.2024","37,33","37,22","37,37","36,95","42,06M","0,16%"
"17.01.2024","37,27","37,02","37,42","37,00","38,72M","-0,19%"
"16.01.2024","37,34","37,28","37,41","37,13","44,04M","-0,69%"
"12.01.2024","37,60","37,85","37,99","37,44","41,33M","-0,19%"
"11.01.2024","37,67","37,76","37,81","37,37","49,04M","-0,37%"
"10.01.2024","37,81","37,69","37,84","37,57","37,10M","0,16%"
"09.01.2024","37,75","37,79","37,79","37,63","36,34M","-0,63%"
"08.01.2024","37,99","37,76","38,01","37,56","39,10M","0,64%"
"05.01.2024","37,75","37,59","37,95","37,57","44,85M","0,43%"
"04.01.2024","37,59","37,57","37,89","37,52","36,90M","0,40%"
"03.01.2024","37,44","37,59","37,65","37,38","46,91M","-0,85%"
"02.01.2024","37,76","37,50","37,78","37,43","31,35M","0,43%"
"29.12.2023","37,60","37,71","37,77","37,49","30,22M","-0,32%"
"28.12.2023","37,72","37,55","37,80","37,54","25,31M","0,29%"
"27.12.2023","37,61","37,41","37,61","37,35","32,64M","0,32%"
"26.12.2023","37,49","37,37","37,56","37,31","17,84M","0,40%"
"22.12.2023","37,34","37,37","37,49","37,20","30,33M","0,21%"
"21.12.2023","37,26","37,06","37,27","36,92","27,52M","0,98%"
"20.12.2023","36,90","37,47","37,56","36,90","52,99M","-1,78%"
"19.12.2023","37,57","37,27","37,58","37,17","32,51M","0,75%"
"18.12.2023","37,29","37,35","37,42","37,25","43,43M","-0,16%"
"15.12.2023","37,35","37,26","37,44","37,19","69,25M","-0,59%"
"14.12.2023","37,57","37,50","37,71","37,37","66,87M","0,99%"
"13.12.2023","37,20","36,62","37,24","36,55","56,99M","1,61%"
"12.12.2023","36,61","36,44","36,62","36,29","37,25M","0,72%"
"11.12.2023","36,35","36,14","36,42","36,14","31,17M","0,61%"
"08.12.2023","36,13","35,90","36,19","35,86","33,21M","0,53%"
"07.12.2023","35,94","35,86","35,96","35,77","26,05M","0,48%"
"06.12.2023","35,77","36,15","36,28","35,72","35,62M","-0,50%"
"05.12.2023","35,95","36,02","36,03","35,79","39,51M","-0,50%"
"04.12.2023","36,13","35,96","36,27","35,92","41,37M","-0,11%"
"01.12.2023","36,17","35,84","36,21","35,78","51,27M","0,75%"
"30.11.2023","35,90","35,58","35,90","35,47","37,33M","1,13%"
"29.11.2023","35,50","35,35","35,71","35,35","36,65M","0,71%"
"28.11.2023","35,25","35,22","35,37","35,16","39,33M","-0,03%"
"27.11.2023","35,26","35,25","35,32","35,18","35,02M","-0,34%"
"24.11.2023","35,38","35,27","35,44","35,26","13,17M","0,31%"
"22.11.2023","35,27","35,21","35,34","35,15","32,72M","0,40%"
"21.11.2023","35,13","35,10","35,22","35,07","27,29M","-0,06%"
"20.11.2023","35,15","34,96","35,23","34,88","37,40M","0,40%"
"17.11.2023","35,01","34,96","35,02","34,87","31,34M","0,52%"
"16.11.2023","34,83","34,79","34,87","34,68","33,22M","0,40%"
"15.11.2023","34,69","34,56","34,79","34,55","35,00M","0,55%"
"14.11.2023","34,50","34,23","34,69","34,20","54,30M","1,89%"
"13.11.2023","33,86","33,79","33,95","33,74","28,33M","-0,15%"
"10.11.2023","33,91","33,69","33,94","33,49","35,15M","1,13%"
"09.11.2023","33,53","33,78","33,83","33,47","34,34M","-0,42%"
"08.11.2023","33,67","33,62","33,70","33,46","30,06M","0,12%"
"07.11.2023","33,63","33,58","33,71","33,52","27,44M","-0,15%"
"06.11.2023","33,68","33,87","33,92","33,50","40,60M","-0,30%"
"03.11.2023","33,78","33,66","33,94","33,65","58,80M","1,32%"
"02.11.2023","33,34","32,87","33,36","32,81","47,42M","2,36%"
"01.11.2023","32,57","32,42","32,70","32,35","51,76M","0,65%"
"31.10.2023","32,36","32,07","32,37","32,01","41,05M","1,09%"
"30.10.2023","32,01","31,67","32,09","31,59","48,98M","1,78%"
"27.10.2023","31,45","31,99","32,03","31,35","73,06M","-1,81%"
"26.10.2023","32,03","32,02","32,35","31,97","56,05M","-0,22%"
"25.10.2023","32,10","32,10","32,32","32,01","59,24M","-0,37%"
"24.10.2023","32,22","32,15","32,37","32,05","35,83M","0,69%"
"23.10.2023","32,00","32,13","32,36","31,97","55,91M","-0,62%"
"20.10.2023","32,20","32,69","32,75","32,17","59,92M","-1,53%"
"19.10.2023","32,70","33,08","33,26","32,68","66,66M","-1,33%"
"18.10.2023","33,14","33,55","33,58","33,07","46,94M","-1,72%"
"17.10.2023","33,72","33,41","33,94","33,40","41,93M","0,48%"
"16.10.2023","33,56","33,46","33,72","33,38","45,59M","1,05%"
"13.10.2023","33,21","33,35","33,65","33,03","53,22M","0,21%"
"12.10.2023","33,14","33,45","33,45","32,91","41,99M","-0,63%"
"11.10.2023","33,35","33,40","33,53","33,10","35,75M","0,15%"
"10.10.2023","33,30","33,16","33,51","33,15","44,74M","0,73%"
"09.10.2023","33,06","32,74","33,13","32,71","61,40M","0,06%"
"06.10.2023","33,04","32,62","33,22","32,51","54,06M","0,85%"
"05.10.2023","32,76","32,52","32,82","32,45","41,41M","0,46%"
"04.10.2023","32,61","32,38","32,63","32,21","40,14M","0,74%"
"03.10.2023","32,37","32,73","32,81","32,24","52,92M","-1,58%"
"02.10.2023","32,89","33,06","33,14","32,71","49,35M","-0,84%"
"29.09.2023","33,17","33,64","33,69","33,09","52,86M","-0,93%"
"28.09.2023","33,48","33,27","33,60","33,26","63,64M","0,72%"
"27.09.2023","33,24","33,38","33,38","32,95","49,36M","-0,15%"
"26.09.2023","33,29","33,49","33,64","33,23","46,17M","-1,33%"
"25.09.2023","33,74","33,59","33,76","33,48","40,14M","0,24%"
"22.09.2023","33,66","33,97","34,00","33,66","41,69M","-0,77%"
"21.09.2023","33,92","34,37","34,37","33,92","48,11M","-1,65%"
"20.09.2023","34,49","34,85","34,96","34,48","31,62M","-0,69%"
"19.09.2023","34,73","34,80","34,87","34,51","36,12M","-0,12%"
"18.09.2023","34,77","34,63","34,82","34,52","32,46M","-0,17%"
"15.09.2023","34,83","34,78","35,04","34,76","51,80M","-0,51%"
"14.09.2023","35,01","34,93","35,06","34,76","65,69M","0,92%"
"13.09.2023","34,69","34,85","34,89","34,56","31,99M","0,00%"
"12.09.2023","34,69","34,45","34,94","34,40","48,62M","0,67%"
"11.09.2023","34,46","34,46","34,64","34,37","28,97M","0,47%"
"08.09.2023","34,30","34,26","34,37","34,13","39,74M","0,20%"
"07.09.2023","34,23","34,18","34,38","34,13","47,63M","-0,26%"
"06.09.2023","34,32","34,25","34,39","34,07","35,67M","-0,06%"
"05.09.2023","34,34","34,65","34,79","34,33","38,61M","-1,01%"
"01.09.2023","34,69","34,59","34,80","34,56","41,08M","0,90%"
"31.08.2023","34,38","34,61","34,62","34,34","28,00M","-0,38%"
"30.08.2023","34,51","34,54","34,71","34,44","33,80M","0,06%"
"29.08.2023","34,49","34,15","34,50","34,10","43,39M","0,91%"
"28.08.2023","34,18","34,10","34,30","34,07","34,91M","0,56%"
"25.08.2023","33,99","33,97","34,12","33,71","40,35M","0,47%"
"24.08.2023","33,83","33,90","34,31","33,83","35,78M","-0,35%"
"23.08.2023","33,95","33,68","33,96","33,63","30,24M","0,98%"
"22.08.2023","33,62","33,95","33,99","33,57","43,15M","-0,94%"
"21.08.2023","33,94","34,03","34,10","33,67","32,31M","-0,12%"
"18.08.2023","33,98","33,75","34,08","33,72","40,86M","-0,03%"
"17.08.2023","33,99","34,27","34,32","33,89","38,21M","-0,50%"
"16.08.2023","34,16","34,15","34,42","34,12","33,57M","-0,15%"
"15.08.2023","34,21","34,56","34,60","34,17","57,47M","-1,84%"
"14.08.2023","34,85","34,82","34,92","34,69","23,77M","-0,20%"
"11.08.2023","34,92","34,74","34,98","34,65","27,52M","0,20%"
"10.08.2023","34,85","35,00","35,26","34,76","38,10M","0,09%"
"09.08.2023","34,82","35,06","35,16","34,78","38,30M","-0,74%"
"08.08.2023","35,08","34,94","35,11","34,67","37,25M","-0,90%"
"07.08.2023","35,40","35,13","35,46","35,12","33,12M","1,40%"
"04.08.2023","34,91","35,02","35,36","34,88","36,20M","-0,40%"
"03.08.2023","35,05","34,82","35,13","34,72","31,87M","0,06%"
"02.08.2023","35,03","35,03","35,15","34,83","48,93M","-0,85%"
"01.08.2023","35,33","35,26","35,36","35,14","26,50M","0,00%"
"31.07.2023","35,33","35,27","35,44","35,18","28,63M","0,37%"
"28.07.2023","35,20","35,41","35,42","35,01","32,43M","0,20%"
"27.07.2023","35,13","35,58","35,67","35,08","44,07M","-1,26%"
"26.07.2023","35,58","35,33","35,69","35,28","35,64M","0,59%"
"25.07.2023","35,37","35,50","35,58","35,34","36,22M","-0,65%"
"24.07.2023","35,60","35,28","35,71","35,27","32,30M","0,96%"
"21.07.2023","35,26","35,44","35,46","35,17","30,62M","-0,34%"
"20.07.2023","35,38","35,06","35,39","35,04","45,59M","0,74%"
"19.07.2023","35,12","34,97","35,26","34,96","45,60M","0,43%"
"18.07.2023","34,97","34,66","35,00","34,61","47,18M","1,13%"
"17.07.2023","34,58","34,21","34,68","34,21","38,57M","0,96%"
"14.07.2023","34,25","34,73","34,74","34,20","47,55M","-0,67%"
"13.07.2023","34,48","34,41","34,53","34,35","40,45M","0,35%"
"12.07.2023","34,36","34,42","34,60","34,26","46,55M","0,64%"
"11.07.2023","34,14","33,86","34,18","33,79","33,75M","1,19%"
"10.07.2023","33,74","33,60","33,93","33,57","27,25M","0,45%"
"07.07.2023","33,59","33,40","33,87","33,40","33,49M","0,15%"
"06.07.2023","33,54","33,55","33,58","33,25","45,81M","-0,86%"
"05.07.2023","33,83","33,70","33,92","33,60","39,83M","-0,21%"
"03.07.2023","33,90","33,71","34,00","33,66","19,13M","0,56%"
"30.06.2023","33,71","33,64","33,85","33,58","44,76M","0,87%"
"29.06.2023","33,42","33,02","33,42","32,98","47,47M","1,74%"
"28.06.2023","32,85","32,89","32,90","32,70","36,66M","-0,24%"
"27.06.2023","32,93","32,73","33,00","32,71","34,35M","0,80%"
"26.06.2023","32,67","32,69","32,94","32,58","25,73M","-0,21%"
"23.06.2023","32,74","32,63","32,85","32,51","35,53M","-0,43%"
"22.06.2023","32,88","33,08","33,09","32,77","38,70M","-0,78%"
"21.06.2023","33,14","33,10","33,30","33,00","35,97M","-0,12%"
"20.06.2023","33,18","33,21","33,27","32,98","50,68M","-1,19%"
"16.06.2023","33,58","33,80","33,83","33,54","49,86M","-0,21%"
"15.06.2023","33,65","33,10","33,72","33,07","52,24M","1,32%"
"14.06.2023","33,21","33,42","33,59","33,10","57,20M","-0,39%"
"13.06.2023","33,34","33,11","33,48","33,07","46,05M","0,60%"
"12.06.2023","33,14","33,18","33,27","32,89","33,67M","-0,03%"
"09.06.2023","33,15","33,08","33,29","33,06","34,03M","0,03%"
"08.06.2023","33,14","33,06","33,19","32,88","36,26M","-0,09%"
"07.06.2023","33,17","33,07","33,24","32,87","48,47M","0,39%"
"06.06.2023","33,04","32,60","33,09","32,58","46,24M","1,26%"
"05.06.2023","32,63","32,84","32,84","32,48","53,59M","-0,52%"
"02.06.2023","32,80","32,41","32,92","32,41","65,75M","2,18%"
"01.06.2023","32,10","31,94","32,17","31,72","48,64M","1,07%"
"31.05.2023","31,76","31,91","31,94","31,49","67,67M","-1,06%"
"30.05.2023","32,10","32,16","32,23","31,89","57,90M","-0,03%"
"26.05.2023","32,11","31,92","32,19","31,87","44,18M","0,82%"
"25.05.2023","31,85","31,78","31,96","31,66","41,66M","-0,03%"
"24.05.2023","31,86","32,04","32,07","31,79","46,61M","-1,30%"
"23.05.2023","32,28","32,52","32,69","32,26","42,22M","-1,16%"
"22.05.2023","32,66","32,71","32,78","32,46","35,29M","0,18%"
"19.05.2023","32,60","32,82","32,92","32,45","40,13M","-0,43%"
"18.05.2023","32,74","32,44","32,78","32,32","42,23M","0,74%"
"17.05.2023","32,50","32,11","32,59","32,04","46,82M","2,01%"
"16.05.2023","31,86","32,10","32,19","31,84","31,24M","-0,93%"
"15.05.2023","32,16","31,96","32,22","31,90","33,21M","0,82%"
"12.05.2023","31,90","32,24","32,24","31,69","36,25M","-0,41%"
"11.05.2023","32,03","31,88","32,08","31,74","36,69M","-0,16%"
"10.05.2023","32,08","32,47","32,54","31,80","39,71M","-0,56%"
"09.05.2023","32,26","32,14","32,38","32,06","29,74M","-0,37%"
"08.05.2023","32,38","32,51","32,62","32,34","34,32M","0,15%"
"05.05.2023","32,33","32,07","32,38","32,02","55,02M","2,47%"
"04.05.2023","31,55","31,68","31,85","31,26","76,08M","-1,28%"
"03.05.2023","31,96","32,37","32,53","31,93","65,64M","-1,14%"
"02.05.2023","32,33","32,95","32,96","32,03","76,10M","-2,27%"
"01.05.2023","33,08","33,26","33,43","33,04","31,95M","-0,27%"
"28.04.2023","33,17","32,62","33,20","32,54","54,60M","1,19%"
"27.04.2023","32,78","32,38","32,84","32,38","46,40M","1,61%"
"26.04.2023","32,26","32,48","32,66","32,12","54,29M","-0,95%"
"25.04.2023","32,57","32,93","32,99","32,56","58,53M","-1,72%"
"24.04.2023","33,14","33,19","33,32","33,06","32,77M","-0,24%"
"21.04.2023","33,22","33,24","33,26","33,03","41,55M","-0,36%"
"20.04.2023","33,34","33,22","33,43","33,21","39,29M","-0,30%"
"19.04.2023","33,44","33,31","33,53","33,25","39,48M","0,24%"
"18.04.2023","33,36","33,33","33,43","33,08","49,51M","0,30%"
"17.04.2023","33,26","32,86","33,27","32,72","69,67M","1,16%"
"14.04.2023","32,88","32,90","33,15","32,72","65,05M","0,98%"
"13.04.2023","32,56","32,29","32,58","32,07","58,55M","0,90%"
"12.04.2023","32,27","32,50","32,67","32,19","63,65M","-0,22%"
"11.04.2023","32,34","32,14","32,48","32,12","53,91M","0,87%"
"10.04.2023","32,06","31,87","32,07","31,80","27,90M","0,22%"
"06.04.2023","31,99","31,81","32,05","31,77","36,76M","0,38%"
"05.04.2023","31,87","31,67","31,96","31,66","57,97M","-0,13%"
"04.04.2023","31,91","32,29","32,34","31,70","45,94M","-0,93%"
"03.04.2023","32,21","32,12","32,34","32,02","51,21M","0,19%"
"31.03.2023","32,15","31,98","32,16","31,86","49,03M","1,10%"
"30.03.2023","31,80","32,10","32,12","31,62","45,06M","-0,22%"
"29.03.2023","31,87","31,75","31,88","31,61","52,15M","1,46%"
"28.03.2023","31,41","31,38","31,52","31,22","42,98M","-0,03%"
"27.03.2023","31,42","31,52","31,59","31,24","61,39M","1,39%"
"24.03.2023","30,99","30,63","31,02","30,39","76,65M","-0,06%"
"23.03.2023","31,01","31,28","31,60","30,79","82,37M","-0,67%"
"22.03.2023","31,22","31,96","32,05","31,20","67,87M","-2,32%"
"21.03.2023","31,96","31,88","32,04","31,81","115,90M","2,53%"
"20.03.2023","31,17","31,07","31,44","31,02","75,38M","0,61%"
"17.03.2023","30,98","31,71","31,71","30,90","136,76M","-3,22%"
"16.03.2023","32,01","31,20","32,34","30,90","134,09M","1,91%"
"15.03.2023","31,41","31,35","31,53","30,96","132,24M","-2,67%"
"14.03.2023","32,27","32,84","32,85","31,87","128,12M","2,02%"
"13.03.2023","31,63","31,76","32,32","31,36","165,97M","-3,95%"
"10.03.2023","32,93","33,15","33,72","32,53","166,57M","-1,82%"
"09.03.2023","33,54","34,76","34,81","33,37","107,11M","-4,06%"
"08.03.2023","34,96","35,05","35,24","34,78","50,86M","-0,37%"
"07.03.2023","35,09","35,89","35,92","35,00","53,80M","-2,58%"
"06.03.2023","36,02","36,01","36,24","35,91","30,11M","0,08%"
"03.03.2023","35,99","35,57","36,00","35,50","33,09M","1,58%"
"02.03.2023","35,43","35,39","35,47","35,01","38,41M","-0,48%"
"01.03.2023","35,60","35,56","35,76","35,46","32,79M","-0,34%"
"28.02.2023","35,72","35,70","35,90","35,61","32,53M","0,20%"
"27.02.2023","35,65","35,99","36,05","35,58","31,66M","-0,03%"
"24.02.2023","35,66","35,32","35,77","35,26","48,73M","0,08%"
"23.02.2023","35,63","35,75","35,92","35,30","42,36M","0,08%"
"22.02.2023","35,60","35,64","35,78","35,41","31,07M","-0,11%"
"21.02.2023","35,64","36,08","36,13","35,47","36,43M","-2,06%"
"17.02.2023","36,39","36,20","36,44","36,09","35,88M","0,03%"
"16.02.2023","36,38","36,40","36,66","36,31","34,38M","-1,01%"
"15.02.2023","36,75","36,42","36,76","36,37","28,51M","0,11%"
"14.02.2023","36,71","36,84","37,08","36,48","33,53M","-0,54%"
"13.02.2023","36,91","36,47","36,91","36,44","32,21M","1,15%"
"10.02.2023","36,49","36,19","36,52","36,07","28,11M","0,33%"
"09.02.2023","36,37","36,93","37,04","36,29","44,33M","-1,11%"
"08.02.2023","36,78","36,73","37,10","36,68","34,56M","-0,59%"
"07.02.2023","37,00","36,35","37,11","36,35","33,00M","1,15%"
"06.02.2023","36,58","36,38","36,59","36,30","32,27M","-0,03%"
"03.02.2023","36,59","36,37","36,90","36,36","43,16M","-0,19%"
"02.02.2023","36,66","36,76","36,81","36,37","42,11M","0,27%"
"01.02.2023","36,56","36,18","36,88","36,10","51,42M","0,00%"
"31.01.2023","36,56","36,14","36,57","35,97","30,28M","1,36%"
"30.01.2023","36,07","36,06","36,33","36,01","31,60M","-0,50%"
"27.01.2023","36,25","36,20","36,46","36,15","30,79M","0,00%"
"26.01.2023","36,25","36,15","36,31","35,90","29,94M","0,53%"
"25.01.2023","36,06","35,47","36,07","35,46","38,46M","0,78%"
"24.01.2023","35,78","35,70","35,94","35,30","34,33M","0,06%"
"23.01.2023","35,76","35,38","35,91","35,26","45,00M","1,16%"
"20.01.2023","35,35","34,90","35,37","34,74","42,33M","1,58%"
"19.01.2023","34,80","34,78","34,98","34,56","61,17M","-1,16%"
"18.01.2023","35,21","35,68","35,90","35,18","53,69M","-1,87%"
"17.01.2023","35,88","36,03","36,05","35,77","65,35M","-0,66%"
"13.01.2023","36,12","35,39","36,17","35,26","65,92M","0,75%"
"12.01.2023","35,85","35,90","36,06","35,62","56,64M","0,20%"
"11.01.2023","35,78","35,54","35,78","35,47","32,01M","0,93%"
"10.01.2023","35,45","35,19","35,48","35,07","34,66M","0,57%"
"09.01.2023","35,25","35,50","35,70","35,16","48,73M","-0,37%"
"06.01.2023","35,38","34,84","35,49","34,60","41,23M","2,22%"
"05.01.2023","34,61","34,75","34,75","34,37","45,59M","-0,75%"
"04.01.2023","34,87","34,67","35,12","34,57","44,67M","1,60%"
"03.01.2023","34,32","34,45","34,69","34,07","37,40M","0,35%"
"30.12.2022","34,20","34,04","34,26","33,92","24,74M","-0,26%"
"29.12.2022","34,29","34,00","34,35","33,92","26,62M","1,39%"
"28.12.2022","33,82","34,00","34,09","33,78","24,40M","-0,35%"
"27.12.2022","33,94","34,02","34,10","33,79","25,60M","-0,03%"
"23.12.2022","33,95","33,74","34,00","33,57","17,12M","0,56%"
"22.12.2022","33,76","33,84","33,87","33,21","25,61M","-0,88%"
"21.12.2022","34,06","33,86","34,16","33,84","31,32M","1,55%"
"20.12.2022","33,54","33,53","33,77","33,41","45,45M","0,42%"
"19.12.2022","33,40","33,40","33,74","33,19","37,46M","-0,89%"
"16.12.2022","33,70","33,60","33,80","33,39","59,62M","-0,77%"
"15.12.2022","33,96","34,10","34,24","33,74","70,33M","-1,96%"
"14.12.2022","34,64","34,99","35,33","34,49","54,69M","-1,25%"
"13.12.2022","35,08","35,90","35,90","34,85","55,66M","0,26%"
"12.12.2022","34,99","34,55","35,03","34,39","72,57M","1,33%"
"09.12.2022","34,53","34,49","34,78","34,48","40,89M","-0,26%"
"08.12.2022","34,62","34,69","34,86","34,50","46,60M","0,09%"
"07.12.2022","34,59","34,59","34,97","34,51","37,78M","-0,40%"
"06.12.2022","34,73","35,00","35,20","34,45","45,10M","-0,88%"
"05.12.2022","35,04","35,66","35,72","34,85","53,40M","-2,48%"
"02.12.2022","35,93","35,72","35,96","35,61","40,48M","-0,47%"
"01.12.2022","36,10","36,49","36,49","35,81","58,16M","-0,58%"
"30.11.2022","36,31","35,65","36,32","35,14","58,61M","1,71%"
"29.11.2022","35,70","35,45","35,78","35,41","31,49M","0,59%"
"28.11.2022","35,49","35,91","36,06","35,43","34,21M","-1,72%"
"25.11.2022","36,11","36,03","36,16","35,96","11,27M","0,33%"
"23.11.2022","35,99","35,78","36,08","35,78","27,92M","0,42%"
"22.11.2022","35,84","35,67","35,88","35,67","29,58M","1,01%"
"21.11.2022","35,48","35,32","35,54","35,28","24,63M","0,31%"
"18.11.2022","35,37","35,55","35,60","35,08","39,46M","0,83%"
"17.11.2022","35,08","34,86","35,10","34,76","35,71M","-0,54%"
"16.11.2022","35,27","35,42","35,51","35,15","32,85M","-0,48%"
"15.11.2022","35,44","35,74","35,88","35,08","57,80M","0,23%"
"14.11.2022","35,36","35,77","35,80","35,33","38,00M","-1,42%"
"11.11.2022","35,87","35,76","36,03","35,63","46,08M","0,82%"
"10.11.2022","35,58","34,90","35,63","34,81","67,68M","5,05%"
"09.11.2022","33,87","34,22","34,35","33,79","42,13M","-1,68%"
"08.11.2022","34,45","34,26","34,62","34,09","34,84M","0,58%"
"07.11.2022","34,25","34,16","34,27","33,94","30,06M","1,00%"
"04.11.2022","33,91","33,78","34,08","33,43","41,83M","1,83%"
"03.11.2022","33,30","33,22","33,56","33,08","40,83M","-1,01%"
"02.11.2022","33,64","34,00","34,60","33,61","58,04M","-1,26%"
"01.11.2022","34,07","34,26","34,35","33,92","38,95M","0,26%"
"31.10.2022","33,98","33,97","34,21","33,93","40,08M","-0,61%"
"28.10.2022","34,19","33,45","34,23","33,38","36,42M","2,49%"
"27.10.2022","33,36","33,40","33,73","33,30","41,23M","0,82%"
"26.10.2022","33,09","33,11","33,46","33,01","38,01M","0,24%"
"25.10.2022","33,01","32,45","33,07","32,39","33,95M","1,20%"
"24.10.2022","32,62","32,38","32,77","32,28","40,12M","1,34%"
"21.10.2022","32,19","31,35","32,22","31,12","54,49M","2,98%"
"20.10.2022","31,26","31,73","32,05","31,17","43,12M","-1,61%"
"19.10.2022","31,77","32,02","32,29","31,59","35,21M","-1,64%"
"18.10.2022","32,30","32,62","32,66","31,93","48,15M","1,60%"
"17.10.2022","31,79","31,67","32,00","31,58","47,22M","2,52%"
"14.10.2022","31,01","31,82","32,19","30,94","60,89M","-1,68%"
"13.10.2022","31,54","29,68","31,62","29,59","83,09M","4,13%"
"12.10.2022","30,29","30,37","30,68","30,18","48,27M","-0,23%"
"11.10.2022","30,36","30,55","30,86","30,23","50,43M","-1,27%"
"10.10.2022","30,75","31,06","31,18","30,57","31,01M","-0,45%"
"07.10.2022","30,89","31,36","31,46","30,72","36,38M","-2,37%"
"06.10.2022","31,64","31,91","32,13","31,57","34,72M","-1,40%"
"05.10.2022","32,09","31,84","32,26","31,73","41,77M","-0,77%"
"04.10.2022","32,34","31,66","32,37","31,62","53,44M","3,72%"
"03.10.2022","31,18","30,66","31,34","30,30","47,09M","2,70%"
"30.09.2022","30,36","30,66","31,04","30,28","37,98M","-0,91%"
"29.09.2022","30,64","30,70","30,82","30,26","41,86M","-1,26%"
"28.09.2022","31,03","30,52","31,21","30,44","46,09M","1,97%"
"27.09.2022","30,43","30,80","30,96","30,12","60,65M","-0,43%"
"26.09.2022","30,56","30,82","31,11","30,34","49,97M","-1,58%"
"23.09.2022","31,05","31,24","31,31","30,60","56,80M","-1,58%"
"22.09.2022","31,55","32,16","32,21","31,49","52,30M","-1,68%"
"21.09.2022","32,09","32,98","33,10","32,07","49,64M","-2,08%"
"20.09.2022","32,77","32,99","33,06","32,47","42,19M","-1,47%"
"19.09.2022","33,26","32,50","33,28","32,50","36,49M","0,60%"
"16.09.2022","33,06","33,03","33,12","32,71","53,89M","-0,90%"
"15.09.2022","33,36","33,29","33,79","33,20","47,65M","0,33%"
"14.09.2022","33,25","33,42","33,58","32,95","39,23M","-0,30%"
"13.09.2022","33,35","33,96","34,08","33,24","60,77M","-3,72%"
"12.09.2022","34,64","34,50","34,82","34,42","41,97M","0,81%"
"09.09.2022","34,36","34,20","34,45","34,19","41,33M","0,91%"
"08.09.2022","34,05","33,29","34,07","33,15","50,76M","1,76%"
"07.09.2022","33,46","32,71","33,52","32,66","35,02M","1,98%"
"06.09.2022","32,81","33,06","33,14","32,48","45,88M","-0,24%"
"02.09.2022","32,89","33,53","33,81","32,73","43,21M","-0,78%"
"01.09.2022","33,15","32,91","33,20","32,51","40,60M","0,30%"
"31.08.2022","33,05","33,47","33,59","33,00","39,77M","-0,75%"
"30.08.2022","33,30","33,59","33,69","33,10","41,87M","-0,54%"
"29.08.2022","33,48","33,47","33,72","33,28","34,87M","-0,71%"
"26.08.2022","33,72","34,91","34,92","33,69","38,23M","-2,99%"
"25.08.2022","34,76","34,30","34,79","34,21","26,40M","1,55%"
"24.08.2022","34,23","33,99","34,34","33,92","20,68M","0,53%"
"23.08.2022","34,05","34,15","34,40","34,05","23,24M","-0,41%"
"22.08.2022","34,19","34,45","34,46","34,10","36,81M","-2,20%"
"19.08.2022","34,96","35,46","35,46","34,84","33,59M","-1,99%"
"18.08.2022","35,67","35,60","35,72","35,43","15,97M","0,11%"
"17.08.2022","35,63","35,40","35,79","35,38","33,16M","-0,50%"
"16.08.2022","35,81","35,39","35,97","35,39","41,30M","0,73%"
"15.08.2022","35,55","35,20","35,65","35,13","25,37M","-0,03%"
"12.08.2022","35,56","35,18","35,57","35,00","36,37M","1,57%"
"11.08.2022","35,01","34,92","35,23","34,88","46,99M","1,18%"
"10.08.2022","34,60","34,43","34,72","34,36","45,37M","2,25%"
"09.08.2022","33,84","33,73","33,93","33,67","26,43M","0,50%"
"08.08.2022","33,67","33,94","34,05","33,63","24,37M","-0,06%"
"05.08.2022","33,69","33,36","33,85","33,24","34,37M","0,72%"
"04.08.2022","33,45","33,53","33,62","33,39","24,51M","-0,33%"
"03.08.2022","33,56","33,31","33,64","33,12","27,31M","1,51%"
"02.08.2022","33,06","33,27","33,49","33,02","36,81M","-1,11%"
"01.08.2022","33,43","33,39","33,62","33,20","35,14M","-0,83%"
"29.07.2022","33,71","33,32","33,82","33,29","38,72M","1,41%"
"28.07.2022","33,24","33,03","33,25","32,50","40,97M","0,73%"
"27.07.2022","33,00","32,63","33,16","32,52","44,82M","1,54%"
"26.07.2022","32,50","32,80","32,99","32,42","26,36M","-1,40%"
"25.07.2022","32,96","32,95","33,11","32,72","24,70M","0,64%"
"22.07.2022","32,75","32,99","33,16","32,50","25,74M","-0,58%"
"21.07.2022","32,94","32,64","32,94","32,39","40,57M","0,64%"
"20.07.2022","32,73","32,54","32,79","32,44","38,51M","0,37%"
"19.07.2022","32,61","32,08","32,71","31,99","40,57M","3,00%"
"18.07.2022","31,66","32,23","32,45","31,52","38,67M","-0,38%"
"15.07.2022","31,78","31,18","31,96","31,10","59,65M","3,38%"
"14.07.2022","30,74","30,70","30,83","30,37","57,78M","-1,91%"
"13.07.2022","31,34","31,28","31,55","30,95","51,46M","-0,89%"
"12.07.2022","31,62","31,58","32,20","31,56","38,21M","-0,63%"
"11.07.2022","31,82","31,90","32,06","31,73","30,56M","-0,81%"
"08.07.2022","32,08","32,24","32,33","31,95","29,06M","-0,22%"
"07.07.2022","32,15","31,96","32,24","31,93","33,12M","1,45%"
"06.07.2022","31,69","31,70","31,95","31,39","48,00M","-0,25%"
"05.07.2022","31,77","31,38","31,79","31,02","51,54M","-0,35%"
"01.07.2022","31,88","31,35","31,98","31,14","77,31M","1,37%"
"30.06.2022","31,45","31,23","31,73","30,85","75,29M","-0,88%"
"29.06.2022","31,73","31,94","32,06","31,62","64,51M","-0,56%"
"28.06.2022","31,91","32,56","32,87","31,89","42,47M","-0,99%"
"27.06.2022","32,23","32,59","32,59","32,08","47,24M","-0,34%"
"24.06.2022","32,34","31,32","32,37","31,27","65,49M","3,69%"
"23.06.2022","31,19","31,33","31,39","30,67","69,35M","-0,38%"
"22.06.2022","31,31","31,02","31,60","30,98","48,04M","-0,22%"
"21.06.2022","31,38","31,47","31,58","31,19","58,07M","1,45%"
"17.06.2022","30,93","30,91","31,27","30,63","116,94M","0,29%"
"16.06.2022","30,84","31,00","31,01","30,58","100,88M","-2,53%"
"15.06.2022","31,64","31,62","32,09","31,10","87,86M","1,12%"
"14.06.2022","31,29","31,69","31,91","31,05","75,59M","-0,86%"
"13.06.2022","31,56","31,71","32,10","31,37","104,07M","-2,98%"
"10.06.2022","32,53","33,02","33,14","32,50","74,19M","-3,61%"
"09.06.2022","33,75","34,58","34,60","33,73","49,72M","-2,51%"
"08.06.2022","34,62","34,97","35,07","34,49","38,25M","-1,76%"
"07.06.2022","35,24","34,73","35,27","34,70","32,03M","0,77%"
"06.06.2022","34,97","35,16","35,52","34,96","32,83M","0,29%"
"03.06.2022","34,87","35,05","35,20","34,83","36,70M","-1,44%"
"02.06.2022","35,38","34,93","35,41","34,65","45,33M","1,38%"
"01.06.2022","34,90","35,38","35,47","34,57","48,64M","-1,61%"
"31.05.2022","35,47","35,28","35,74","35,09","64,81M","-0,28%"
"27.05.2022","35,57","35,13","35,64","35,06","43,86M","1,69%"
"26.05.2022","34,98","34,56","35,10","34,53","50,80M","2,31%"
"25.05.2022","34,19","33,84","34,40","33,74","72,19M","0,80%"
"24.05.2022","33,92","33,79","34,03","33,22","77,87M","-0,21%"
"23.05.2022","33,99","33,55","34,24","33,38","78,19M","3,25%"
"20.05.2022","32,92","33,21","33,38","32,22","77,98M","-0,18%"
"19.05.2022","32,98","32,75","33,22","32,70","71,53M","-0,66%"
"18.05.2022","33,20","33,82","33,87","33,07","74,28M","-2,75%"
"17.05.2022","34,14","33,90","34,24","33,71","62,88M","2,68%"
"16.05.2022","33,25","33,40","33,54","32,99","55,66M","-0,84%"
"13.05.2022","33,53","33,45","33,81","33,23","64,04M","1,45%"
"12.05.2022","33,05","33,02","33,36","32,41","114,33M","-0,75%"
"11.05.2022","33,30","33,65","34,33","33,25","110,21M","-0,92%"
"10.05.2022","33,61","34,22","34,44","33,19","107,50M","-0,88%"
"09.05.2022","33,91","34,27","34,48","33,75","85,92M","-2,39%"
"06.05.2022","34,74","34,85","34,90","34,24","99,28M","-0,71%"
"05.05.2022","34,99","35,62","35,69","34,56","101,09M","-2,91%"
"04.05.2022","36,04","35,03","36,10","34,91","87,79M","3,06%"
"03.05.2022","34,97","34,76","35,32","34,64","73,90M","1,30%"
"02.05.2022","34,52","34,67","34,79","33,84","104,41M","0,03%"
"29.04.2022","34,51","35,56","35,69","34,43","74,63M","-3,44%"
"28.04.2022","35,74","35,65","35,87","35,12","62,68M","1,28%"
"27.04.2022","35,29","35,27","35,65","35,16","81,60M","-0,08%"
"26.04.2022","35,32","35,82","36,20","35,30","81,46M","-2,51%"
"25.04.2022","36,23","35,87","36,31","35,33","91,39M","0,17%"
"22.04.2022","36,17","37,22","37,23","36,13","73,17M","-2,98%"
"21.04.2022","37,28","38,14","38,31","37,21","55,00M","-1,58%"
"20.04.2022","37,88","37,91","38,15","37,79","54,64M","0,69%"
"19.04.2022","37,62","37,21","37,68","37,20","41,52M","1,37%"
"18.04.2022","37,11","36,66","37,28","36,65","52,75M","0,60%"
"14.04.2022","36,89","37,23","37,49","36,88","68,54M","-1,13%"
"13.04.2022","37,31","36,96","37,33","36,89","57,45M","0,00%"
"12.04.2022","37,31","37,69","38,04","37,15","67,22M","-1,09%"
"11.04.2022","37,72","37,79","38,15","37,66","54,44M","-0,45%"
"08.04.2022","37,89","37,66","38,06","37,56","44,67M","1,01%"
"07.04.2022","37,51","37,52","37,69","36,98","53,35M","-0,11%"
"06.04.2022","37,55","37,51","37,71","37,40","55,84M","-0,69%"
"05.04.2022","37,81","37,90","38,31","37,72","56,17M","-0,63%"
"04.04.2022","38,05","38,13","38,36","37,78","134,31M","-0,44%"
"01.04.2022","38,22","38,58","38,66","37,95","68,42M","-0,26%"
"31.03.2022","38,32","39,17","39,33","38,31","66,62M","-2,29%"
"30.03.2022","39,22","39,50","39,52","38,99","47,41M","-0,71%"
"29.03.2022","39,50","39,89","40,01","39,27","67,97M","0,23%"
"28.03.2022","39,41","39,40","39,44","38,96","44,76M","-0,28%"
"25.03.2022","39,52","39,15","39,60","39,09","48,62M","1,28%"
"24.03.2022","39,02","38,98","39,06","38,70","30,42M","0,80%"
"23.03.2022","38,71","39,19","39,28","38,69","42,14M","-1,85%"
"22.03.2022","39,44","39,27","39,69","39,22","61,05M","1,62%"
"21.03.2022","38,81","39,02","39,13","38,61","46,83M","-0,49%"
"18.03.2022","39,00","38,90","39,10","38,53","82,34M","0,23%"
"17.03.2022","38,91","38,21","38,92","37,96","58,27M","1,25%"
"16.03.2022","38,43","37,86","38,49","37,74","87,01M","2,81%"
"15.03.2022","37,38","37,23","37,44","36,91","51,83M","1,41%"
"14.03.2022","36,86","36,95","37,46","36,69","70,97M","1,26%"
"11.03.2022","36,40","36,98","37,21","36,38","76,79M","-0,71%"
"10.03.2022","36,66","36,36","36,90","36,25","71,55M","-0,84%"
"09.03.2022","36,97","36,85","37,28","36,70","88,72M","3,67%"
"08.03.2022","35,66","36,02","36,67","35,49","114,92M","-0,59%"
"07.03.2022","35,87","36,89","36,93","35,85","116,05M","-3,65%"
"04.03.2022","37,23","37,27","37,28","36,80","105,92M","-1,87%"
"03.03.2022","37,94","38,23","38,43","37,62","71,95M","-0,32%"
"02.03.2022","38,06","37,41","38,28","37,39","88,18M","2,59%"
"01.03.2022","37,10","38,15","38,26","36,85","129,87M","-3,69%"
"28.02.2022","38,52","38,17","38,76","38,12","107,37M","-1,48%"
"25.02.2022","39,10","38,13","39,20","38,12","99,13M","3,22%"
"24.02.2022","37,88","37,07","38,00","36,80","143,08M","-1,20%"
"23.02.2022","38,34","39,31","39,43","38,24","64,17M","-1,74%"
"22.02.2022","39,02","39,04","39,40","38,69","60,72M","-0,51%"
"18.02.2022","39,22","39,19","39,55","39,02","47,82M","-0,03%"
"17.02.2022","39,23","39,81","39,94","39,12","59,11M","-2,49%"
"16.02.2022","40,23","40,00","40,41","39,95","41,17M","0,07%"
"15.02.2022","40,20","40,14","40,41","40,00","55,46M","1,36%"
"14.02.2022","39,66","40,09","40,23","39,33","71,54M","-1,12%"
"11.02.2022","40,11","40,55","41,04","39,87","77,96M","-1,40%"
"10.02.2022","40,68","40,85","41,38","40,51","67,26M","-0,88%"
"09.02.2022","41,04","41,00","41,31","40,90","67,51M","0,64%"
"08.02.2022","40,78","40,50","40,88","40,40","56,92M","1,39%"
"07.02.2022","40,22","40,15","40,48","39,92","52,71M","0,30%"
"04.02.2022","40,10","39,50","40,44","39,48","77,79M","1,70%"
"03.02.2022","39,43","39,86","40,00","39,37","50,68M","-1,10%"
"02.02.2022","39,87","39,58","39,94","39,33","46,65M","0,68%"
"01.02.2022","39,60","39,11","39,69","38,91","64,60M","1,38%"
"31.01.2022","39,06","38,45","39,09","38,22","58,74M","0,88%"
"28.01.2022","38,72","38,07","38,73","37,59","79,75M","1,31%"
"27.01.2022","38,22","38,94","39,34","37,97","91,50M","-0,91%"
"26.01.2022","38,57","38,89","39,21","38,11","106,68M","0,26%"
"25.01.2022","38,47","37,88","38,75","37,26","97,36M","0,42%"
"24.01.2022","38,31","37,54","38,39","36,82","169,20M","0,29%"
"21.01.2022","38,20","38,84","38,95","38,04","117,91M","-2,05%"
"20.01.2022","39,00","39,36","39,87","38,92","80,31M","-0,64%"
"19.01.2022","39,25","40,22","40,24","39,22","85,98M","-1,68%"
"18.01.2022","39,92","40,56","40,60","39,67","82,56M","-2,23%"
"14.01.2022","40,83","40,60","40,87","40,33","81,14M","-1,04%"
"13.01.2022","41,26","41,48","41,70","41,12","51,66M","-0,39%"
"12.01.2022","41,42","41,50","41,65","41,22","51,56M","0,07%"
"11.01.2022","41,39","41,18","41,41","40,79","60,71M","0,88%"
"10.01.2022","41,03","41,43","41,46","40,60","73,62M","-0,34%"
"07.01.2022","41,17","40,78","41,27","40,63","62,19M","1,18%"
"06.01.2022","40,69","40,52","40,72","40,15","57,73M","1,47%"
"05.01.2022","40,10","40,69","40,90","40,07","76,29M","-1,16%"
"04.01.2022","40,57","39,99","40,70","39,97","74,21M","2,63%"
"03.01.2022","39,53","39,34","39,68","39,32","49,88M","1,23%"
"31.12.2021","39,05","39,04","39,24","38,97","28,50M","-0,18%"
"30.12.2021","39,12","39,31","39,53","39,00","30,09M","-0,18%"
"29.12.2021","39,19","39,32","39,43","39,14","27,15M","-0,13%"
"28.12.2021","39,24","39,15","39,49","39,14","34,06M","0,05%"
"27.12.2021","39,22","38,94","39,22","38,74","36,12M","1,03%"
"23.12.2021","38,82","38,84","39,17","38,80","39,06M","0,52%"
"22.12.2021","38,62","38,33","38,65","38,27","49,70M","0,47%"
"21.12.2021","38,44","38,04","38,61","38,04","57,67M","2,07%"
"20.12.2021","37,66","37,81","37,86","37,21","85,24M","-2,41%"
"17.12.2021","38,59","39,20","39,25","38,35","97,80M","-2,20%"
"16.12.2021","39,46","39,42","39,74","39,22","71,16M","1,26%"
"15.12.2021","38,97","38,96","39,08","38,48","70,42M","0,28%"
"14.12.2021","38,86","38,57","39,15","38,54","51,73M","0,60%"
"13.12.2021","38,63","38,96","38,97","38,50","44,34M","-1,08%"
"10.12.2021","39,05","39,28","39,29","38,80","38,90M","0,10%"
"09.12.2021","39,01","38,90","39,21","38,76","45,52M","-0,20%"
"08.12.2021","39,09","39,32","39,48","38,99","53,03M","-0,53%"
"07.12.2021","39,30","39,06","39,41","38,87","115,48M","1,79%"
"06.12.2021","38,61","38,63","38,98","38,33","69,72M","1,53%"
"03.12.2021","38,03","38,71","38,81","37,72","97,18M","-1,63%"
"02.12.2021","38,66","37,89","38,87","37,75","98,08M","2,98%"
"01.12.2021","37,54","38,63","38,88","37,54","102,02M","-1,11%"
"30.11.2021","37,96","38,42","38,58","37,90","121,26M","-2,39%"
"29.11.2021","38,89","39,22","39,36","38,60","79,32M","0,31%"
"26.11.2021","38,77","38,84","39,01","38,33","76,49M","-3,32%"
"24.11.2021","40,10","40,11","40,26","39,94","40,41M","-0,22%"
"23.11.2021","40,19","39,83","40,22","39,66","61,57M","1,57%"
"22.11.2021","39,57","39,54","39,96","39,22","81,97M","1,41%"
"19.11.2021","39,02","39,11","39,25","38,72","71,86M","-1,09%"
"18.11.2021","39,45","39,69","39,76","39,26","43,00M","-0,50%"
"17.11.2021","39,65","40,05","40,05","39,54","53,56M","-1,15%"
"16.11.2021","40,11","40,20","40,35","40,00","32,60M","-0,10%"
"15.11.2021","40,15","40,26","40,36","40,07","30,08M","0,00%"
"12.11.2021","40,15","40,12","40,16","39,79","39,22M","0,22%"
"11.11.2021","40,06","40,01","40,19","39,84","31,44M","0,28%"
"10.11.2021","39,95","39,98","40,20","39,85","60,70M","-0,17%"
"09.11.2021","40,02","40,03","40,15","39,76","48,42M","-0,55%"
"08.11.2021","40,24","40,27","40,53","40,14","32,86M","0,55%"
"05.11.2021","40,02","40,32","40,49","39,89","57,87M","0,05%"
"04.11.2021","40,00","40,38","40,48","39,69","48,28M","-1,31%"
"03.11.2021","40,53","40,25","40,68","40,17","42,95M","0,37%"
"02.11.2021","40,38","40,27","40,50","40,16","31,44M","0,25%"
"01.11.2021","40,28","40,54","40,63","40,12","37,50M","0,05%"
"29.10.2021","40,26","40,47","40,54","40,18","42,09M","-0,40%"
"28.10.2021","40,42","40,09","40,44","40,06","44,57M","1,23%"
"27.10.2021","39,93","40,50","40,68","39,92","62,45M","-1,65%"
"26.10.2021","40,60","40,67","40,86","40,54","41,59M","0,07%"
"25.10.2021","40,57","40,72","40,77","40,47","33,12M","-0,12%"
"22.10.2021","40,62","40,25","40,69","40,21","41,46M","1,40%"
"21.10.2021","40,06","40,22","40,31","39,85","35,07M","-0,42%"
"20.10.2021","40,23","39,84","40,23","39,73","44,67M","0,80%"
"19.10.2021","39,91","39,70","39,91","39,55","33,08M","0,99%"
"18.10.2021","39,52","39,43","39,75","39,32","56,31M","0,03%"
"15.10.2021","39,51","39,31","39,71","39,18","58,41M","1,49%"
"14.10.2021","38,93","38,72","38,94","38,35","51,89M","1,67%"
"13.10.2021","38,29","38,50","38,54","37,74","72,11M","-0,57%"
"12.10.2021","38,51","38,58","38,76","38,41","58,53M","-0,31%"
"11.10.2021","38,63","39,11","39,40","38,61","50,75M","-1,00%"
"08.10.2021","39,02","38,87","39,16","38,69","38,61M","0,49%"
"07.10.2021","38,83","39,00","39,24","38,78","53,30M","0,60%"
"06.10.2021","38,60","38,21","38,63","37,93","63,43M","0,10%"
"05.10.2021","38,56","38,10","38,75","37,96","56,06M","1,96%"
"04.10.2021","37,82","38,09","38,59","37,76","69,77M","-0,87%"
"01.10.2021","38,15","37,63","38,41","37,49","70,44M","1,65%"
"30.09.2021","37,53","38,35","38,36","37,52","73,32M","-1,57%"
"29.09.2021","38,13","38,22","38,30","37,95","49,88M","0,08%"
"28.09.2021","38,10","38,73","38,92","38,04","96,15M","-1,65%"
"27.09.2021","38,74","38,56","38,85","38,49","58,79M","1,36%"
"24.09.2021","38,22","37,99","38,35","37,94","48,07M","0,53%"
"23.09.2021","38,02","37,47","38,20","37,41","71,81M","2,45%"
"22.09.2021","37,11","36,96","37,37","36,88","58,35M","1,67%"
"21.09.2021","36,50","36,78","36,92","36,41","45,84M","-0,14%"
"20.09.2021","36,55","36,59","36,69","36,03","95,01M","-2,74%"
"17.09.2021","37,58","37,70","37,94","37,48","82,99M","-0,45%"
"16.09.2021","37,75","38,00","38,19","37,58","42,63M","-0,29%"
"15.09.2021","37,86","37,48","37,95","37,44","36,37M","0,96%"
"14.09.2021","37,50","38,14","38,28","37,38","45,67M","-1,34%"
"13.09.2021","38,01","37,85","38,06","37,74","40,36M","1,14%"
"10.09.2021","37,58","38,07","38,11","37,57","39,35M","-0,74%"
"09.09.2021","37,86","37,70","38,22","37,67","33,42M","0,29%"
"08.09.2021","37,75","37,75","37,93","37,55","32,52M","-0,24%"
"07.09.2021","37,84","38,20","38,20","37,84","39,22M","-0,60%"
"03.09.2021","38,07","38,24","38,32","37,98","34,85M","-0,63%"
"02.09.2021","38,31","38,27","38,44","38,16","29,62M","0,34%"
"01.09.2021","38,18","38,43","38,45","38,05","43,98M","-0,57%"
"31.08.2021","38,40","38,42","38,69","38,26","49,88M","-0,13%"
"30.08.2021","38,45","39,02","39,04","38,43","30,10M","-1,41%"
"27.08.2021","39,00","38,54","39,01","38,53","38,51M","1,33%"
"26.08.2021","38,49","38,85","38,90","38,45","38,48M","-0,49%"
"25.08.2021","38,68","38,33","38,92","38,25","47,90M","1,18%"
"24.08.2021","38,23","38,07","38,32","38,04","37,68M","0,61%"
"23.08.2021","38,00","37,88","38,16","37,88","28,81M","0,82%"
"20.08.2021","37,69","37,46","37,75","37,32","33,90M","0,61%"
"19.08.2021","37,46","37,33","37,74","37,22","48,96M","-0,74%"
"18.08.2021","37,74","38,06","38,33","37,71","39,55M","-1,23%"
"17.08.2021","38,21","38,22","38,50","37,83","52,41M","-0,70%"
"16.08.2021","38,48","38,33","38,52","37,99","48,01M","-0,26%"
"13.08.2021","38,58","38,90","38,95","38,49","43,08M","-0,75%"
"12.08.2021","38,87","38,84","38,92","38,60","44,61M","0,18%"
"11.08.2021","38,80","38,47","38,81","38,29","48,37M","1,15%"
"10.08.2021","38,36","37,93","38,47","37,88","40,91M","1,05%"
"09.08.2021","37,96","37,81","38,13","37,60","48,02M","0,26%"
"08.08.2021","37,86","37,86","37,86","37,86","","0,00%"
"07.08.2021","37,86","37,86","37,86","37,86","","0,00%"
"06.08.2021","37,86","37,46","37,93","37,45","58,08M","2,02%"
"05.08.2021","37,11","36,86","37,11","36,85","37,17M","1,31%"
"04.08.2021","36,63","36,59","37,02","36,43","52,35M","-0,84%"
"03.08.2021","36,94","36,66","36,99","36,12","42,17M","1,12%"
"02.08.2021","36,53","36,77","37,19","36,48","47,59M","0,03%"
"30.07.2021","36,52","36,71","36,98","36,43","52,39M","-0,79%"
"29.07.2021","36,81","36,65","36,97","36,49","41,43M","1,10%"
"28.07.2021","36,41","36,59","36,64","36,16","42,91M","-0,14%"
"27.07.2021","36,46","36,19","36,62","36,02","38,99M","-0,03%"
"26.07.2021","36,47","36,19","36,54","36,17","25,40M","0,58%"
"23.07.2021","36,26","36,55","36,65","36,15","36,77M","0,17%"
"22.07.2021","36,20","36,47","36,56","36,04","35,29M","-1,09%"
"21.07.2021","36,60","36,27","36,78","36,24","59,98M","1,72%"
"20.07.2021","35,98","35,07","36,22","35,00","70,64M","2,48%"
"19.07.2021","35,11","35,42","35,61","34,90","89,97M","-2,80%"
"16.07.2021","36,12","36,81","36,81","36,04","56,16M","-1,37%"
"15.07.2021","36,62","36,14","36,85","36,14","53,98M","0,33%"
"14.07.2021","36,50","36,69","36,93","36,10","69,63M","-0,46%"
"13.07.2021","36,67","36,95","37,01","36,53","44,48M","-1,08%"
"12.07.2021","37,07","36,49","37,14","36,33","62,95M","0,98%"
"09.07.2021","36,71","36,20","36,76","36,09","70,55M","2,89%"
"08.07.2021","35,68","35,83","36,04","35,51","75,08M","-2,00%"
"07.07.2021","36,41","36,14","36,49","36,06","43,75M","0,14%"
"06.07.2021","36,36","36,85","36,87","36,12","49,23M","-1,57%"
"05.07.2021","36,94","36,94","36,94","36,94","","0,00%"
"04.07.2021","36,94","36,94","36,94","36,94","","0,00%"
"03.07.2021","36,94","36,94","36,94","36,94","","0,00%"
"02.07.2021","36,94","36,98","37,02","36,79","27,02M","-0,11%"
"01.07.2021","36,98","36,87","37,00","36,68","36,62M","0,79%"
"30.06.2021","36,69","36,42","36,77","36,41","42,41M","0,44%"
"29.06.2021","36,53","36,85","37,04","36,43","61,05M","-0,35%"
"28.06.2021","36,66","36,86","36,89","36,45","70,25M","-0,73%"
"25.06.2021","36,93","36,68","37,03","36,47","56,85M","1,21%"
"24.06.2021","36,49","36,25","36,58","36,08","42,94M","1,25%"
"23.06.2021","36,04","36,00","36,21","35,95","48,09M","0,19%"
"22.06.2021","35,97","35,99","36,11","35,63","42,58M","0,17%"
"21.06.2021","35,91","35,44","35,93","35,38","89,83M","1,93%"
"18.06.2021","35,23","35,62","35,74","35,18","180,96M","-2,41%"
"17.06.2021","36,10","37,39","37,41","35,99","97,66M","-2,96%"
"16.06.2021","37,20","37,12","37,45","36,74","84,96M","-0,11%"
"15.06.2021","37,24","37,18","37,43","37,00","51,32M","0,19%"
"14.06.2021","37,17","37,49","37,54","36,95","50,61M","-1,04%"
"11.06.2021","37,56","37,39","37,58","37,38","40,42M","0,64%"
"10.06.2021","37,32","38,08","38,18","37,29","53,78M","-1,17%"
"09.06.2021","37,76","37,97","38,02","37,66","40,78M","-0,94%"
"08.06.2021","38,12","38,01","38,24","37,73","47,75M","-0,26%"
"07.06.2021","38,22","38,53","38,53","38,15","37,40M","-0,65%"
"04.06.2021","38,47","38,42","38,50","38,13","27,25M","0,26%"
"03.06.2021","38,37","38,16","38,60","38,04","54,88M","0,24%"
"02.06.2021","38,28","38,34","38,38","38,07","37,54M","0,16%"
"01.06.2021","38,22","38,37","38,48","38,12","35,71M","0,61%"
"28.05.2021","37,99","38,09","38,09","37,71","39,27M","0,18%"
"27.05.2021","37,92","37,83","38,02","37,61","39,79M","1,15%"
"26.05.2021","37,49","37,52","37,66","37,22","38,60M","0,29%"
"25.05.2021","37,38","37,81","38,10","37,33","38,76M","-1,01%"
"24.05.2021","37,76","37,74","37,85","37,55","29,16M","0,48%"
"21.05.2021","37,58","37,36","37,78","37,34","44,95M","0,99%"
"20.05.2021","37,21","37,25","37,47","36,95","59,22M","0,05%"
"19.05.2021","37,19","36,99","37,21","36,59","63,57M","-0,61%"
"18.05.2021","37,42","37,92","38,05","37,40","40,30M","-1,40%"
"17.05.2021","37,95","37,76","37,99","37,61","40,38M","0,18%"
"14.05.2021","37,88","37,50","37,97","37,46","44,85M","1,58%"
"13.05.2021","37,29","36,56","37,51","36,54","66,88M","1,61%"
"12.05.2021","36,70","37,37","37,51","36,55","97,91M","-1,02%"
"11.05.2021","37,08","37,37","37,71","36,94","82,72M","-1,77%"
"10.05.2021","37,75","37,98","38,26","37,72","56,34M","-0,08%"
"07.05.2021","37,78","37,15","37,79","37,06","64,62M","0,53%"
"06.05.2021","37,58","37,18","37,59","36,96","43,33M","1,49%"
"05.05.2021","37,03","36,84","37,17","36,60","38,95M","0,82%"
"04.05.2021","36,73","36,28","36,73","36,04","66,94M","0,80%"
"03.05.2021","36,44","36,57","36,64","36,30","33,32M","0,50%"
"30.04.2021","36,26","36,38","36,51","36,20","43,94M","-0,87%"
"29.04.2021","36,58","36,22","36,61","36,19","48,57M","1,78%"
"28.04.2021","35,94","35,94","36,04","35,83","35,77M","0,39%"
"27.04.2021","35,80","35,57","35,85","35,49","50,85M","0,79%"
"26.04.2021","35,52","35,51","35,85","35,48","43,75M","0,40%"
"23.04.2021","35,38","34,73","35,53","34,67","50,47M","1,87%"
"22.04.2021","34,73","35,08","35,13","34,67","43,61M","-1,11%"
"21.04.2021","35,12","34,52","35,15","34,42","39,68M","1,39%"
"20.04.2021","34,64","35,09","35,11","34,52","50,23M","-1,87%"
"19.04.2021","35,30","35,39","35,49","35,18","31,17M","-0,28%"
"16.04.2021","35,40","35,46","35,53","35,24","39,12M","0,71%"
"15.04.2021","35,15","35,26","35,30","34,82","55,48M","-0,09%"
"14.04.2021","35,18","34,88","35,43","34,83","44,07M","0,60%"
"13.04.2021","34,97","35,10","35,14","34,78","39,95M","-0,93%"
"12.04.2021","35,30","35,22","35,31","35,14","44,44M","0,43%"
"09.04.2021","35,15","35,09","35,17","34,89","40,13M","0,86%"
"08.04.2021","34,85","34,71","34,89","34,47","39,93M","0,03%"
"07.04.2021","34,84","34,77","34,92","34,60","38,66M","0,49%"
"06.04.2021","34,67","34,66","34,83","34,54","41,34M","-0,20%"
"05.04.2021","34,74","34,84","34,90","34,63","51,79M","0,78%"
"01.04.2021","34,47","34,00","34,47","34,00","51,69M","1,23%"
"31.03.2021","34,05","34,24","34,38","34,03","51,14M","-0,76%"
"30.03.2021","34,31","34,25","34,47","34,21","55,01M","0,70%"
"29.03.2021","34,07","33,89","34,29","33,72","71,78M","-0,87%"
"26.03.2021","34,37","34,19","34,43","33,94","53,78M","1,57%"
"25.03.2021","33,84","33,26","33,89","33,00","60,53M","1,68%"
"24.03.2021","33,28","33,40","33,80","33,28","63,36M","0,36%"
"23.03.2021","33,16","33,43","33,66","33,04","70,44M","-1,40%"
"22.03.2021","33,63","33,82","33,89","33,51","68,17M","-1,72%"
"19.03.2021","34,22","34,35","34,38","33,86","98,51M","-1,16%"
"18.03.2021","34,62","34,79","35,29","34,50","96,69M","0,52%"
"17.03.2021","34,44","34,46","34,64","34,08","64,05M","0,67%"
"16.03.2021","34,21","34,39","34,43","33,94","67,41M","-1,04%"
"15.03.2021","34,57","34,90","34,91","34,25","57,86M","-0,58%"
"12.03.2021","34,77","34,82","34,95","34,66","68,13M","1,02%"
"11.03.2021","34,42","34,34","34,69","34,14","50,90M","-0,29%"
"10.03.2021","34,52","33,99","34,65","33,93","73,27M","2,04%"
"09.03.2021","33,83","33,87","34,33","33,52","117,22M","-0,91%"
"08.03.2021","34,14","33,96","34,58","33,82","90,54M","1,28%"
"05.03.2021","33,71","33,64","33,79","32,78","109,30M","1,90%"
"04.03.2021","33,08","33,37","33,69","32,60","101,31M","-1,14%"
"03.03.2021","33,46","33,33","33,96","33,29","72,54M","0,78%"
"02.03.2021","33,20","33,28","33,47","33,17","49,99M","-0,36%"
"01.03.2021","33,32","32,86","33,52","32,86","67,59M","3,13%"
"26.02.2021","32,31","32,89","32,99","32,19","103,11M","-1,91%"
"25.02.2021","32,94","33,82","33,84","32,85","92,19M","-1,82%"
"24.02.2021","33,55","32,96","33,64","32,94","66,00M","1,94%"
"23.02.2021","32,91","32,94","32,95","32,57","94,33M","0,61%"
"22.02.2021","32,71","32,30","32,83","32,29","65,93M","0,93%"
"19.02.2021","32,41","32,24","32,52","32,20","54,36M","1,19%"
"18.02.2021","32,03","31,99","32,20","31,77","45,19M","-0,59%"
"17.02.2021","32,22","31,96","32,26","31,85","60,61M","0,50%"
"16.02.2021","32,06","31,84","32,21","31,70","71,33M","1,71%"
"12.02.2021","31,52","31,17","31,55","31,14","38,27M","1,03%"
"11.02.2021","31,20","31,32","31,43","30,99","31,91M","-0,32%"
"10.02.2021","31,30","31,46","31,50","31,15","38,90M","0,00%"
"09.02.2021","31,30","31,19","31,40","31,08","33,57M","0,03%"
"08.02.2021","31,29","30,99","31,29","30,99","48,76M","1,29%"
"05.02.2021","30,89","31,10","31,13","30,82","38,46M","0,03%"
"04.02.2021","30,88","30,31","30,89","30,30","63,06M","2,22%"
"03.02.2021","30,21","30,00","30,22","29,94","46,20M","0,57%"
"02.02.2021","30,04","29,67","30,19","29,66","54,26M","2,42%"
"01.02.2021","29,33","29,27","29,37","29,02","41,95M","1,31%"
"29.01.2021","28,95","29,46","29,54","28,82","78,26M","-2,00%"
"28.01.2021","29,54","29,37","29,88","29,28","62,99M","1,86%"
"27.01.2021","29,00","29,47","29,50","28,93","84,06M","-2,95%"
"26.01.2021","29,88","30,24","30,28","29,85","55,50M","-0,80%"
"25.01.2021","30,12","30,04","30,16","29,74","68,32M","-0,73%"
"22.01.2021","30,34","30,25","30,46","30,20","37,93M","-0,72%"
"21.01.2021","30,56","30,87","30,93","30,56","43,73M","-1,07%"
"20.01.2021","30,89","31,12","31,12","30,78","55,77M","-0,42%"
"19.01.2021","31,02","31,10","31,18","30,83","97,46M","0,26%"
"15.01.2021","30,94","31,00","31,19","30,71","68,73M","-1,65%"
"14.01.2021","31,46","31,41","31,62","31,29","49,83M","0,45%"
"13.01.2021","31,32","31,29","31,40","31,09","55,39M","-0,06%"
"12.01.2021","31,34","31,20","31,49","31,10","60,55M","1,03%"
"11.01.2021","31,02","30,62","31,07","30,49","56,59M","0,32%"
"08.01.2021","30,92","31,09","31,10","30,51","54,27M","-0,06%"
"07.01.2021","30,94","30,95","31,26","30,88","64,34M","1,44%"
"06.01.2021","30,50","29,77","30,74","29,77","102,25M","4,42%"
"05.01.2021","29,21","29,07","29,33","28,92","35,27M","0,45%"
"04.01.2021","29,08","29,59","29,60","28,83","47,09M","-1,36%"